,loss,accuracy,f1_m,val_loss,val_accuracy,val_f1_m
0,0.6930425763130188,0.5345112681388855,0.5682714581489563,0.6926522254943848,0.6293408870697021,0.77093905210495
1,0.6930327415466309,0.595534086227417,0.5756924152374268,0.6927809715270996,0.5759711861610413,0.7281895875930786
2,0.6930233836174011,0.6163421273231506,0.5657199025154114,0.6928972005844116,0.530813992023468,0.6893837451934814
3,0.6930144429206848,0.622447669506073,0.5478281378746033,0.6930070519447327,0.4882131814956665,0.6504837870597839
4,0.6930059194564819,0.6229841709136963,0.5255938768386841,0.6931114792823792,0.4506245255470276,0.613845705986023
5,0.6929952502250671,0.6213579177856445,0.5031026601791382,0.6932128667831421,0.4168907105922699,0.5790988206863403
