,loss,accuracy,f1_m,val_loss,val_accuracy,val_f1_m
0,0.6937860250473022,0.5759070515632629,0.22118207812309265,0.6958316564559937,0.11640869826078415,0.20258821547031403
1,0.6937675476074219,0.5737423300743103,0.18924933671951294,0.6959986090660095,0.09868865460157394,0.17321014404296875
2,0.6937500238418579,0.569893479347229,0.16582132875919342,0.6961519718170166,0.08546772599220276,0.15095791220664978
3,0.693731963634491,0.5665199160575867,0.1474079042673111,0.6962972283363342,0.07573859393596649,0.13447166979312897
4,0.6937116384506226,0.5637911558151245,0.13267792761325836,0.6964364051818848,0.06782446056604385,0.1209888830780983
5,0.6936923861503601,0.5614748001098633,0.12065190076828003,0.6965709328651428,0.061197102069854736,0.1096046045422554
