,loss,accuracy,f1_m,val_loss,val_accuracy,val_f1_m
0,0.6927340030670166,0.5480859875679016,0.6081488132476807,0.692010223865509,0.7162164449691772,0.830316424369812
1,0.6927302479743958,0.5768056511878967,0.6201568841934204,0.6920332908630371,0.708116888999939,0.8241963386535645
2,0.6927251219749451,0.5971947312355042,0.6290275454521179,0.6920522451400757,0.7015285491943359,0.8191065788269043
3,0.6927215456962585,0.6131070256233215,0.6362967491149902,0.6920676827430725,0.696053147315979,0.8148096203804016
4,0.692715048789978,0.6265307068824768,0.6426682472229004,0.6920825839042664,0.6911487579345703,0.8108801245689392
5,0.6927100419998169,0.6393460631370544,0.648780882358551,0.6920965313911438,0.686479389667511,0.8070805668830872
