,loss,accuracy,f1_m,val_loss,val_accuracy,val_f1_m
0,0.6928582787513733,0.5378183126449585,0.5821076035499573,0.6922200322151184,0.66166752576828,0.7942048907279968
1,0.6928476691246033,0.6159427165985107,0.6115013360977173,0.6923604011535645,0.623942494392395,0.7649009823799133
2,0.6928367018699646,0.6462165117263794,0.6175423860549927,0.6924915313720703,0.5887519717216492,0.735990047454834
3,0.6928254961967468,0.6583653688430786,0.6124138236045837,0.6926168203353882,0.5553938746452332,0.7076005339622498
4,0.6928141713142395,0.66270512342453,0.6020551919937134,0.6927391886711121,0.5239395499229431,0.6792609095573425
5,0.6927995085716248,0.6634283065795898,0.589331865310669,0.6928590536117554,0.49528783559799194,0.6524807810783386
